<?xml version="1.0" encoding="UTF-8"?>
<config xmlns="http://www.knime.org/2008/09/XMLConfig" xmlns:xsi="http://www.w3.org/2001/XMLSchema-instance" xsi:schemaLocation="http://www.knime.org/2008/09/XMLConfig http://www.knime.org/XMLConfig_2008_09.xsd" key="MiningSchema">
<config key="learning">
<entry key="array-size" type="xint" value="22"/>
<entry key="0" type="xstring" value="MDVP:Fo(Hz)"/>
<entry key="1" type="xstring" value="MDVP:Fhi(Hz)"/>
<entry key="2" type="xstring" value="MDVP:Flo(Hz)"/>
<entry key="3" type="xstring" value="MDVP:Jitter(%)"/>
<entry key="4" type="xstring" value="MDVP:Jitter(Abs)"/>
<entry key="5" type="xstring" value="MDVP:RAP"/>
<entry key="6" type="xstring" value="MDVP:PPQ"/>
<entry key="7" type="xstring" value="Jitter:DDP"/>
<entry key="8" type="xstring" value="MDVP:Shimmer"/>
<entry key="9" type="xstring" value="MDVP:Shimmer(dB)"/>
<entry key="10" type="xstring" value="Shimmer:APQ3"/>
<entry key="11" type="xstring" value="Shimmer:APQ5"/>
<entry key="12" type="xstring" value="MDVP:APQ"/>
<entry key="13" type="xstring" value="Shimmer:DDA"/>
<entry key="14" type="xstring" value="NHR"/>
<entry key="15" type="xstring" value="HNR"/>
<entry key="16" type="xstring" value="RPDE"/>
<entry key="17" type="xstring" value="DFA"/>
<entry key="18" type="xstring" value="spread1"/>
<entry key="19" type="xstring" value="spread2"/>
<entry key="20" type="xstring" value="D2"/>
<entry key="21" type="xstring" value="PPE"/>
</config>
<config key="target">
<entry key="array-size" type="xint" value="1"/>
<entry key="0" type="xstring" value="status"/>
</config>
</config>
